{
    "id": "shared-compendium",
    "name": "shared-compendium",
    "title": "Shared compendium",
    "description": "A collection of my content",
    "version": "1.1.0",
    "authors": [
        {
            "name": "SnowKorshun",
            "discord": "snowkorshun",
            "url": ""
        }
    ],
    "minimumCoreVersion": "12",
    "compatibleCoreVersion": "13",
    "compatibility": {
        "minimum": "12",
        "verified": "13"
    },
    "packs": [
        {
            "name": "module-creatures",
            "label": "Module Creatures",
            "path": "./packs/creatures.db",
            "type": "Actor",
            "system": "dnd5e"
        },
        {
            "name": "module-items",
            "label": "Module Items",
            "path": "./packs/items.db",
            "type": "Item",
            "system": "dnd5e"
        },
        {
            "name": "module-scenes",
            "label": "Module Scenes",
            "path": "./packs/scenes.db",
            "type": "Scene"
        },
        {
            "name": "module-journal-entries",
            "label": "Module Journal Entries",
            "path": "./packs/journal-entries.db",
            "type": "JournalEntry"
        },
        {
            "name": "module-macros",
            "label": "Module Macros",
            "path": "./packs/macros.db",
            "type": "Macro"
        },
        {
            "name": "module-roll-tables",
            "label": "Module Roll Tables",
            "path": "./packs/roll-tables.db",
            "type": "RollTable"
        },
        {
            "name": "module-playlists",
            "label": "Module Playlists",
            "path": "./packs/playlists.db",
            "type": "Playlist"
        },
        {
            "name": "module-adventures",
            "label": "Module Adventures",
            "path": "./packs/adventures.db",
            "type": "Adventure"
        }
    ],
    "manifest": "https://raw.githubusercontent.com/trpg-archive/DnD/refs/tags/v1.0.1/Modules/shared-compendium/module.json",
    "download": "https://raw.githubusercontent.com/trpg-archive/DnD/refs/tags/v1.0.1/Modules/shared-compendium/shared-compendium.zip"
  }
